,S,I1,I2,I3,R1,R2,R3
2020-01-27,5813298.0,0,0.0,0.0,0.0,0.0,0.0
2020-01-28,5813298.0,0,0.0,0.0,0.0,0.0,0.0
2020-01-29,5813298.0,0,0.0,0.0,0.0,0.0,0.0
2020-01-30,5813298.0,0,0.0,0.0,0.0,0.0,0.0
2020-01-31,5813298.0,0,0.0,0.0,0.0,0.0,0.0
2020-02-01,5813298.0,0,0.0,0.0,0.0,0.0,0.0
2020-02-02,5813298.0,0,0.0,0.0,0.0,0.0,0.0
2020-02-03,5813298.0,0,0.0,0.0,0.0,0.0,0.0
2020-02-04,5813298.0,0,0.0,0.0,0.0,0.0,0.0
2020-02-05,5813298.0,0,0.0,0.0,0.0,0.0,0.0
2020-02-06,5813298.0,0,0.0,0.0,0.0,0.0,0.0
2020-02-07,5813298.0,0,0.0,0.0,0.0,0.0,0.0
2020-02-08,5813298.0,0,0.0,0.0,0.0,0.0,0.0
2020-02-09,5813298.0,0,0.0,0.0,0.0,0.0,0.0
2020-02-10,5813298.0,0,0.0,0.0,0.0,0.0,0.0
2020-02-11,5813298.0,0,0.0,0.0,0.0,0.0,0.0
2020-02-12,5813298.0,0,0.0,0.0,0.0,0.0,0.0
2020-02-13,5813298.0,0,0.0,0.0,0.0,0.0,0.0
2020-02-14,5813298.0,0,0.0,0.0,0.0,0.0,0.0
2020-02-15,5813298.0,0,0.0,0.0,0.0,0.0,0.0
2020-02-16,5813298.0,0,0.0,0.0,0.0,0.0,0.0
2020-02-17,5813298.0,0,0.0,0.0,0.0,0.0,0.0
2020-02-18,5813298.0,0,0.0,0.0,0.0,0.0,0.0
2020-02-19,5813298.0,0,0.0,0.0,0.0,0.0,0.0
2020-02-20,5813298.0,0,0.0,0.0,0.0,0.0,0.0
2020-02-21,5813298.0,0,0.0,0.0,0.0,0.0,0.0
2020-02-22,5813298.0,0,0.0,0.0,0.0,0.0,0.0
2020-02-23,5813298.0,0,0.0,0.0,0.0,0.0,0.0
2020-02-24,5813298.0,0,0.0,0.0,0.0,0.0,0.0
2020-02-25,5813298.0,0,0.0,0.0,0.0,0.0,0.0
2020-02-26,5813297.0,0,0.0,0.0,1.0,0.0,0.0
2020-02-27,5813296.0,1,0.0,0.0,1.0,0.0,0.0
2020-02-28,5813295.0,2,0.0,0.0,1.0,0.0,0.0
2020-02-29,5813295.0,3,0.0,0.0,0.0,0.0,0.0
2020-03-01,5813294.0,3,626.0,0.0,-625.0,0.0,0.0
2020-03-02,5813290.0,4,591.0,0.0,-587.0,0.0,0.0
2020-03-03,5813285.0,8,540.0,0.0,-535.0,0.0,0.0
2020-03-04,5813282.0,13,508.0,0.0,-505.0,0.0,0.0
2020-03-05,5813272.0,16,512.0,0.0,-502.0,0.0,0.0
2020-03-06,5813270.0,26,471.0,0.0,-469.0,0.0,0.0
2020-03-07,5813261.0,27,454.0,0.0,-444.0,0.0,0.0
2020-03-08,5813213.0,35,427.0,0.0,-377.0,0.0,0.0
2020-03-09,5813003.0,82,386.0,0.0,-173.0,0.0,0.0
2020-03-10,5812747.0,292,341.0,0.0,-82.0,0.0,0.0
2020-03-11,5812540.0,547,327.0,0.0,-117.0,0.0,1.0
2020-03-12,5812496.0,750,336.0,0.0,-285.0,0.0,1.0
2020-03-13,5812463.0,789,315.0,0.0,-270.0,0.0,1.0
2020-03-14,5812426.0,819,292.0,0.0,-241.0,0.0,2.0
2020-03-15,5812381.0,846,291.0,0.0,-224.0,0.0,4.0
2020-03-16,5812307.0,889,284.0,12.307692307692308,-199.30769230769232,0.0,5.0
2020-03-17,5812231.0,954,284.0,10.76923076923077,-187.76923076923077,0.0,6.0
2020-03-18,5812148.0,982,286.0,24.615384615384617,-152.6153846153846,0.0,10.0
2020-03-19,5812041.0,855,297.0,33.84615384615385,56.15384615384615,0.0,15.0
2020-03-20,5811938.0,706,296.0,36.92307692307693,302.0769230769231,0.0,19.0
2020-03-21,5811890.0,602,284.0,43.07692307692308,456.9230769230769,0.0,22.0
2020-03-22,5811828.0,606,276.0,46.15384615384615,516.8461538461538,0.0,25.0
2020-03-23,5811696.0,635,270.0,49.23076923076923,616.7692307692307,0.0,31.0
2020-03-24,5811557.0,730,269.0,60.0,645.0,0.0,37.0
2020-03-25,5811406.0,824,263.0,73.84615384615385,688.1538461538462,0.0,43.0
2020-03-26,5811235.0,901,244.0,83.07692307692308,779.9230769230769,0.0,55.0
2020-03-27,5811018.0,996,226.0,92.3076923076923,898.6923076923077,0.0,67.0
2020-03-28,5810818.0,1130,205.0,106.15384615384616,962.8461538461538,0.0,76.0
2020-03-29,5810690.0,1223,192.0,115.38461538461539,993.6153846153846,0.0,84.0
2020-03-30,5810377.0,1248,183.0,130.76923076923077,1264.2307692307693,0.0,95.0
2020-03-31,5810122.0,1513,177.0,136.92307692307693,1239.076923076923,0.0,110.0
2020-04-01,5809840.0,1706,165.0,144.6153846153846,1310.3846153846155,0.0,132.0
2020-04-02,5809458.0,1856,155.0,144.6153846153846,1534.3846153846155,0.0,150.0
2020-04-03,5808985.0,2099,140.0,140.0,1764.0,0.0,170.0
2020-04-04,5808673.0,2421,140.0,136.92307692307693,1742.076923076923,0.0,185.0
2020-04-05,5808515.0,2562,134.0,136.92307692307693,1753.076923076923,0.0,197.0
2020-04-06,5808091.0,2503,127.0,133.84615384615384,2229.153846153846,0.0,214.0
2020-04-07,5807744.0,2727,121.0,127.6923076923077,2352.3076923076924,0.0,226.0
2020-04-08,5807443.0,2946,105.0,124.61538461538463,2438.3846153846152,0.0,241.0
2020-04-09,5807303.0,2934,97.0,120.0,2590.0,0.0,254.0
2020-04-10,5807161.0,2819,88.0,110.76923076923077,2849.230769230769,0.0,270.0
2020-04-11,5807021.0,2679,85.0,106.15384615384616,3125.846153846154,0.0,281.0
2020-04-12,5806864.0,2437,96.0,103.07692307692308,3505.923076923077,0.0,292.0
2020-04-13,5806708.0,2121,86.0,100.0,3975.0,0.0,308.0
2020-04-14,5806450.0,1965,81.0,92.3076923076923,4389.692307692308,0.0,320.0
2020-04-15,5806251.0,2065,85.0,89.23076923076924,4477.7692307692305,0.0,330.0
2020-04-16,5806073.0,1840,82.0,89.23076923076924,4871.7692307692305,0.0,342.0
2020-04-17,5805905.0,1671,81.0,90.76923076923077,5199.2307692307695,0.0,351.0
2020-04-18,5805799.0,1538,79.0,86.15384615384616,5434.846153846154,0.0,361.0
2020-04-19,5805685.0,1504,86.0,84.61538461538461,5571.384615384615,0.0,367.0
2020-04-20,5805470.0,1476,82.0,84.61538461538461,5811.384615384615,0.0,374.0
2020-04-21,5805268.0,1551,67.0,81.53846153846155,5944.461538461538,0.0,386.0
2020-04-22,5805039.0,1596,68.0,78.46153846153847,6116.538461538462,0.0,400.0
2020-04-23,5804807.0,1669,75.0,73.84615384615385,6263.153846153846,0.0,410.0
2020-04-24,5804642.0,1643,68.0,69.23076923076924,6459.7692307692305,0.0,416.0
2020-04-25,5804506.0,1609,66.0,69.23076923076924,6626.7692307692305,0.0,421.0
2020-04-26,5804385.0,1567,68.0,70.76923076923077,6781.2307692307695,0.0,426.0
2020-04-27,5804166.0,1520,69.0,70.76923076923077,7037.2307692307695,0.0,435.0
2020-04-28,5804030.0,1633,60.0,66.15384615384616,7063.846153846154,0.0,445.0
2020-04-29,5803890.0,1655,56.0,64.61538461538461,7178.384615384615,0.0,454.0
2020-04-30,5803741.0,1580,60.0,61.53846153846154,7392.461538461538,0.0,463.0
2020-05-01,5803589.0,1527,57.0,61.53846153846154,7589.461538461538,0.0,474.0
2020-05-02,5803472.0,1450,51.0,60.0,7783.0,0.0,482.0
2020-05-03,5803394.0,1335,53.0,60.0,7965.0,0.0,491.0
2020-05-04,5803270.0,1248,50.0,55.38461538461539,8176.615384615385,0.0,498.0
2020-05-05,5803147.0,1236,45.0,49.23076923076923,8319.76923076923,0.0,501.0
2020-05-06,5803040.0,1238,43.0,47.69230769230769,8422.307692307691,0.0,507.0
2020-05-07,5802917.0,1126,40.0,46.15384615384615,8655.846153846154,0.0,513.0
2020-05-08,5802848.0,1113,36.0,43.07692307692308,8740.923076923076,0.0,517.0
2020-05-09,5802782.0,1042,31.0,40.0,8883.0,0.0,520.0
2020-05-10,5802722.0,959,34.0,40.0,9018.0,0.0,525.0
2020-05-11,5802643.0,867,33.0,40.0,9186.0,0.0,529.0
2020-05-12,5802585.0,829,25.0,41.53846153846154,9281.461538461539,0.0,536.0
2020-05-13,5802514.0,809,25.0,38.46153846153847,9370.538461538461,0.0,541.0
2020-05-14,5802450.0,756,28.0,36.92307692307693,9486.076923076924,0.0,541.0
2020-05-15,5802359.0,697,28.0,32.30769230769231,9634.692307692309,0.0,547.0
2020-05-16,5802324.0,681,29.0,29.230769230769234,9684.76923076923,0.0,550.0
2020-05-17,5802274.0,593,32.0,29.230769230769234,9816.76923076923,0.0,553.0
2020-05-18,5802192.0,574,35.0,29.230769230769234,9911.76923076923,0.0,556.0
2020-05-19,5802129.0,590,33.0,26.153846153846157,9961.846153846154,0.0,558.0
2020-05-20,5802057.0,593,34.0,26.153846153846157,10024.846153846154,0.0,563.0
2020-05-21,5802026.0,586,37.0,24.615384615384617,10061.384615384615,0.0,563.0
2020-05-22,5801953.0,559,41.0,26.153846153846157,10154.846153846154,0.0,564.0
2020-05-23,5801917.0,561,39.0,26.153846153846157,10189.846153846154,0.0,565.0
2020-05-24,5801881.0,533,35.0,23.076923076923077,10259.923076923076,0.0,566.0
2020-05-25,5801829.0,478,37.0,23.076923076923077,10364.923076923076,0.0,566.0
2020-05-26,5801766.0,495,39.0,21.53846153846154,10407.461538461539,0.0,569.0
2020-05-27,5801714.0,508,38.0,21.53846153846154,10446.461538461539,0.0,570.0
2020-05-28,5801675.0,478,34.0,18.461538461538463,10522.538461538461,0.0,570.0
2020-05-29,5801629.0,454,31.0,18.461538461538463,10594.538461538461,0.0,571.0
2020-05-30,5801596.0,428,31.0,18.461538461538463,10649.538461538461,0.0,575.0
2020-05-31,5801574.0,430,26.0,20.0,10671.0,0.0,577.0
2020-06-01,5801538.0,379,21.0,20.0,10760.0,0.0,580.0
2020-06-02,5801482.0,379,22.0,20.0,10814.0,0.0,581.0
2020-06-03,5801429.0,399,20.0,20.0,10848.0,0.0,582.0
2020-06-04,5801387.0,400,16.0,15.384615384615385,10893.615384615385,0.0,586.0
2020-06-05,5801352.0,379,14.0,15.384615384615385,10949.615384615385,0.0,588.0
2020-06-06,5801337.0,362,17.0,15.384615384615385,10975.615384615385,0.0,591.0
2020-06-07,5801323.0,338,18.0,15.384615384615385,11010.615384615385,0.0,593.0
2020-06-08,5801277.0,306,19.0,15.384615384615385,11087.615384615385,0.0,593.0
2020-06-09,5801249.0,319,18.0,15.384615384615385,11103.615384615385,0.0,593.0
2020-06-10,5801209.0,325,18.0,15.384615384615385,11137.615384615385,0.0,593.0
2020-06-11,5801160.0,329,19.0,12.307692307692308,11183.692307692309,0.0,594.0
2020-06-12,5801100.0,322,20.0,12.307692307692308,11246.692307692309,0.0,597.0
2020-06-13,5801073.0,329,19.0,12.307692307692308,11267.692307692309,0.0,597.0
2020-06-14,5801051.0,314,21.0,12.307692307692308,11301.692307692309,0.0,598.0
2020-06-15,5801011.0,301,20.0,12.307692307692308,11355.692307692309,0.0,598.0
2020-06-16,5800965.0,326,19.0,12.307692307692308,11376.692307692309,0.0,599.0
2020-06-17,5800889.0,358,17.0,12.307692307692308,11421.692307692309,0.0,600.0
2020-06-18,5800843.0,388,19.0,9.230769230769232,11437.76923076923,0.0,601.0
2020-06-19,5800799.0,406,23.0,9.230769230769232,11458.76923076923,0.0,602.0
2020-06-20,5800761.0,410,21.0,9.230769230769232,11493.76923076923,0.0,603.0
2020-06-21,5800728.0,399,20.0,9.230769230769232,11538.76923076923,0.0,603.0
2020-06-22,5800682.0,372,24.0,12.307692307692308,11604.692307692309,0.0,603.0
2020-06-23,5800663.0,391,23.0,12.307692307692308,11604.692307692309,0.0,604.0
2020-06-24,5800618.0,388,24.0,10.76923076923077,11653.23076923077,0.0,604.0
2020-06-25,5800586.0,393,24.0,10.76923076923077,11679.23076923077,0.0,605.0
2020-06-26,5800563.0,379,27.0,12.307692307692308,11711.692307692309,0.0,605.0
2020-06-27,5800544.0,326,30.0,12.307692307692308,11780.692307692309,0.0,605.0
2020-06-28,5800533.0,299,29.0,12.307692307692308,11818.692307692309,0.0,606.0
2020-06-29,5800503.0,266,32.0,12.307692307692308,11878.692307692309,0.0,606.0
2020-06-30,5800479.0,258,32.0,12.307692307692308,11910.692307692309,0.0,606.0
2020-07-01,5800467.0,249,34.0,12.307692307692308,11929.692307692309,0.0,606.0
2020-07-02,5800452.0,215,37.0,12.307692307692308,11975.692307692309,0.0,606.0
2020-07-03,5800434.0,211,41.0,12.307692307692308,11993.692307692309,0.0,606.0
2020-07-04,5800421.0,184,42.0,12.307692307692308,12031.692307692309,0.0,607.0
2020-07-05,5800410.0,165,41.0,12.307692307692308,12062.692307692309,0.0,607.0
2020-07-06,5800401.0,153,39.0,12.307692307692308,12083.692307692309,0.0,609.0
2020-07-07,5800388.0,143,38.0,12.307692307692308,12107.692307692309,0.0,609.0
2020-07-08,5800362.0,145,38.0,12.307692307692308,12131.692307692309,0.0,609.0
2020-07-09,5800321.0,141,39.0,12.307692307692308,12175.692307692309,0.0,609.0
2020-07-10,5800287.0,158,35.0,12.307692307692308,12195.692307692309,0.0,610.0
2020-07-11,5800263.0,180,34.0,12.307692307692308,12198.692307692309,0.0,610.0
2020-07-12,5800241.0,189,33.0,9.230769230769232,12215.76923076923,0.0,610.0
2020-07-13,5800208.0,193,32.0,9.230769230769232,12245.76923076923,0.0,610.0
2020-07-14,5800174.0,213,32.0,9.230769230769232,12259.76923076923,0.0,610.0
2020-07-15,5800132.0,236,37.0,9.230769230769232,12273.76923076923,0.0,610.0
2020-07-16,5800080.0,269,36.0,9.230769230769232,12293.76923076923,0.0,610.0
2020-07-17,5800048.0,308,38.0,9.230769230769232,12283.76923076923,0.0,611.0
2020-07-18,5800005.0,314,42.0,9.230769230769232,12316.76923076923,0.0,611.0
2020-07-19,5799977.0,316,44.0,9.230769230769232,12340.76923076923,0.0,611.0
2020-07-20,5799945.0,310,43.0,9.230769230769232,12379.76923076923,0.0,611.0
2020-07-21,5799908.0,318,41.0,9.230769230769232,12410.76923076923,0.0,611.0
2020-07-22,5799873.0,333,42.0,9.230769230769232,12427.76923076923,0.0,613.0
2020-07-23,5799819.0,335,40.0,9.230769230769232,12481.76923076923,0.0,613.0
2020-07-24,5799782.0,355,40.0,9.230769230769232,12498.76923076923,0.0,613.0
2020-07-25,5799755.0,350,40.0,9.230769230769232,12530.76923076923,0.0,613.0
2020-07-26,5799731.0,325,38.0,9.230769230769232,12581.76923076923,0.0,613.0
2020-07-27,5799667.0,317,32.0,9.230769230769232,12659.76923076923,0.0,613.0
2020-07-28,5799589.0,338,30.0,9.230769230769232,12717.76923076923,0.0,614.0
2020-07-29,5799524.0,388,33.0,9.230769230769232,12728.76923076923,0.0,615.0
2020-07-30,5799440.0,421,30.0,9.230769230769232,12782.76923076923,0.0,615.0
2020-07-31,5799382.0,468,32.0,9.230769230769232,12790.76923076923,0.0,616.0
2020-08-01,5799318.0,491,33.0,9.230769230769232,12830.76923076923,0.0,616.0
2020-08-02,5799240.0,501,33.0,9.230769230769232,12898.76923076923,0.0,616.0
2020-08-03,5799122.0,542,44.0,9.230769230769232,12964.76923076923,0.0,616.0
2020-08-04,5799000.0,633,49.0,9.230769230769232,12990.76923076923,0.0,616.0
2020-08-05,5798882.0,731,55.0,9.230769230769232,13003.76923076923,0.0,617.0
2020-08-06,5798708.0,785,58.0,9.230769230769232,13120.76923076923,0.0,617.0
2020-08-07,5798565.0,881,65.0,9.230769230769232,13160.76923076923,0.0,617.0
2020-08-08,5798475.0,959,78.0,9.230769230769232,13158.76923076923,0.0,618.0
2020-08-09,5798345.0,965,84.0,9.230769230769232,13274.76923076923,0.0,620.0
2020-08-10,5798190.0,1037,97.0,9.230769230769232,13343.76923076923,0.0,621.0
2020-08-11,5798054.0,1128,99.0,9.230769230769232,13386.76923076923,0.0,621.0
2020-08-12,5797893.0,1186,100.0,9.230769230769232,13488.76923076923,0.0,621.0
2020-08-13,5797777.0,1229,105.0,9.230769230769232,13556.76923076923,0.0,621.0
2020-08-14,5797665.0,1223,119.0,9.230769230769232,13660.76923076923,0.0,621.0
2020-08-15,5797538.0,1217,126.0,9.230769230769232,13786.76923076923,0.0,621.0
2020-08-16,5797448.0,1170,127.0,9.230769230769232,13922.76923076923,0.0,621.0
2020-08-17,5797352.0,1117,137.0,9.230769230769232,14061.76923076923,0.0,621.0
2020-08-18,5797238.0,1123,145.0,9.230769230769232,14161.76923076923,0.0,621.0
2020-08-19,5797151.0,1107,149.0,9.230769230769232,14260.76923076923,0.0,621.0
2020-08-20,5797064.0,1039,153.0,9.230769230769232,14411.76923076923,0.0,621.0
2020-08-21,5796976.0,990,164.0,9.230769230769232,14536.76923076923,0.0,622.0
2020-08-22,5796887.0,917,176.0,9.230769230769232,14685.76923076923,0.0,623.0
2020-08-23,5796812.0,890,173.0,9.230769230769232,14790.76923076923,0.0,623.0
2020-08-24,5796737.0,853,172.0,9.230769230769232,14903.76923076923,0.0,623.0
2020-08-25,5796654.0,801,177.0,9.230769230769232,15032.76923076923,0.0,624.0
2020-08-26,5796574.0,794,174.0,9.230769230769232,15122.76923076923,0.0,624.0
2020-08-27,5796503.0,778,169.0,9.230769230769232,15214.76923076923,0.0,624.0
2020-08-28,5796394.0,735,168.0,9.230769230769232,15367.76923076923,0.0,624.0
2020-08-29,5796305.0,757,177.0,9.230769230769232,15425.76923076923,0.0,624.0
2020-08-30,5796201.0,759,172.0,9.230769230769232,15532.76923076923,0.0,624.0
2020-08-31,5796080.0,775,157.0,9.230769230769232,15650.76923076923,0.0,626.0
2020-09-01,5795879.0,807,160.0,9.230769230769232,15816.76923076923,0.0,626.0
2020-09-02,5795720.0,933,178.0,9.230769230769232,15831.76923076923,0.0,626.0
2020-09-03,5795526.0,1017,169.0,9.230769230769232,15949.76923076923,0.0,627.0
2020-09-04,5795321.0,1128,164.0,9.230769230769232,16048.76923076923,0.0,627.0
2020-09-05,5795123.0,1253,159.0,9.230769230769232,16126.76923076923,0.0,627.0
2020-09-06,5794899.0,1380,154.0,9.230769230769232,16227.76923076923,0.0,628.0
2020-09-07,5794602.0,1495,146.0,9.230769230769232,16417.76923076923,0.0,628.0
2020-09-08,5794273.0,1703,141.0,9.230769230769232,16543.76923076923,0.0,628.0
2020-09-09,5793979.0,1928,154.0,9.230769230769232,16598.76923076923,0.0,629.0
2020-09-10,5793608.0,2101,152.0,9.230769230769232,16798.76923076923,0.0,629.0
2020-09-11,5793260.0,2271,144.0,7.6923076923076925,16985.30769230769,0.0,630.0
2020-09-12,5792958.0,2460,155.0,7.6923076923076925,17086.30769230769,0.0,631.0
2020-09-13,5792662.0,2568,160.0,7.6923076923076925,17267.30769230769,0.0,633.0
2020-09-14,5792279.0,2659,166.0,9.230769230769232,17551.76923076923,0.0,633.0
2020-09-15,5791840.0,2844,175.0,9.230769230769232,17795.76923076923,0.0,634.0
2020-09-16,5791281.0,3059,185.0,9.230769230769232,18128.76923076923,0.0,635.0
2020-09-17,5790764.0,3321,190.0,9.230769230769232,18378.76923076923,0.0,635.0
2020-09-18,5790287.0,3509,191.0,9.230769230769232,18666.76923076923,0.0,635.0
2020-09-19,5789866.0,3692,190.0,9.230769230769232,18902.76923076923,0.0,638.0
2020-09-20,5789455.0,3742,195.0,9.230769230769232,19255.76923076923,0.0,641.0
2020-09-21,5788917.0,3805,196.0,12.307692307692308,19725.69230769231,0.0,642.0
2020-09-22,5788326.0,4041,202.0,15.384615384615385,20069.615384615383,0.0,644.0
2020-09-23,5787672.0,4336,219.0,15.384615384615385,20410.615384615383,0.0,645.0
2020-09-24,5787065.0,4607,230.0,15.384615384615385,20733.615384615383,0.0,647.0
2020-09-25,5786577.0,4775,235.0,18.461538461538463,21044.53846153846,0.0,648.0
2020-09-26,5786183.0,4704,253.0,18.461538461538463,21490.53846153846,0.0,649.0
2020-09-27,5785826.0,4581,261.0,18.461538461538463,21962.53846153846,0.0,649.0
2020-09-28,5785342.0,4461,283.0,16.923076923076923,22545.076923076922,0.0,650.0
2020-09-29,5784891.0,4524,294.0,15.384615384615385,22922.615384615383,0.0,651.0
2020-09-30,5784453.0,4564,312.0,15.384615384615385,23302.615384615383,0.0,651.0
2020-10-01,5784020.0,4464,326.0,18.461538461538463,23816.53846153846,0.0,653.0
2020-10-02,5783652.0,4306,346.0,20.0,24319.0,0.0,655.0
2020-10-03,5783313.0,4020,359.0,23.076923076923077,24924.923076923078,0.0,658.0
2020-10-04,5783000.0,3752,361.0,23.076923076923077,25500.923076923078,0.0,661.0
2020-10-05,5782567.0,3577,353.0,20.0,26118.0,0.0,663.0
2020-10-06,5782136.0,3616,359.0,20.0,26504.0,0.0,663.0
2020-10-07,5781684.0,3690,375.0,20.0,26865.0,0.0,664.0
2020-10-08,5781259.0,3658,374.0,20.0,27321.0,0.0,666.0
2020-10-09,5780845.0,3632,383.0,20.0,27751.0,0.0,667.0
2020-10-10,5780559.0,3608,376.0,20.0,28065.0,0.0,670.0
2020-10-11,5780303.0,3461,363.0,20.0,28479.0,0.0,672.0
2020-10-12,5779836.0,3349,349.0,21.53846153846154,29067.46153846154,0.0,675.0
2020-10-13,5779400.0,3477,349.0,20.0,29376.0,0.0,676.0
2020-10-14,5778920.0,3600,370.0,18.461538461538463,29712.53846153846,0.0,677.0
2020-10-15,5778462.0,3647,394.0,18.461538461538463,30099.53846153846,0.0,677.0
2020-10-16,5777985.0,3674,384.0,16.923076923076923,30559.076923076922,0.0,679.0
2020-10-17,5777552.0,3699,389.0,18.461538461538463,30955.53846153846,0.0,684.0
2020-10-18,5777095.0,3707,382.0,18.461538461538463,31408.53846153846,0.0,687.0
2020-10-19,5776390.0,3750,380.0,16.923076923076923,32073.076923076922,0.0,688.0
2020-10-20,5775598.0,4169,381.0,15.384615384615385,32443.615384615383,0.0,691.0
2020-10-21,5774734.0,4705,395.0,18.461538461538463,32750.53846153846,0.0,695.0
2020-10-22,5773854.0,5102,402.0,18.461538461538463,33222.53846153846,0.0,699.0
2020-10-23,5772988.0,5546,399.0,21.53846153846154,33639.46153846154,0.0,704.0
2020-10-24,5772165.0,5932,384.0,23.076923076923077,34086.92307692308,0.0,707.0
2020-10-25,5771239.0,6297,368.0,20.0,34664.0,0.0,710.0
2020-10-26,5770220.0,6746,357.0,21.53846153846154,35240.46153846154,0.0,713.0
2020-10-27,5768961.0,7332,349.0,21.53846153846154,35919.46153846154,0.0,715.0
2020-10-28,5767741.0,8134,362.0,23.076923076923077,36319.92307692308,0.0,718.0
2020-10-29,5766718.0,8649,372.0,23.076923076923077,36815.92307692308,0.0,720.0
2020-10-30,5765624.0,8880,378.0,21.53846153846154,37673.46153846154,0.0,721.0
2020-10-31,5764639.0,9110,393.0,21.53846153846154,38411.46153846154,0.0,723.0
2020-11-01,5763676.0,9215,401.0,21.53846153846154,39260.46153846154,0.0,724.0
2020-11-02,5762394.0,9312,419.0,21.53846153846154,40423.46153846154,0.0,728.0
2020-11-03,5761127.0,9771,458.0,23.076923076923077,41187.92307692308,0.0,731.0
2020-11-04,5759875.0,10112,517.0,23.076923076923077,42034.92307692308,0.0,736.0
2020-11-05,5758833.0,10345,545.0,23.076923076923077,42812.92307692308,0.0,739.0
2020-11-06,5757862.0,10128,576.0,26.153846153846157,43962.846153846156,0.0,743.0
2020-11-07,5757014.0,9879,626.0,29.230769230769234,45005.769230769234,0.0,744.0
2020-11-08,5756256.0,9704,667.0,30.76923076923077,45892.230769230766,0.0,748.0
2020-11-09,5755193.0,9368,698.0,32.30769230769231,47254.692307692305,0.0,752.0
2020-11-10,5754113.0,9446,746.0,35.38461538461539,48203.61538461538,0.0,754.0
2020-11-11,5753007.0,9563,806.0,41.53846153846154,49125.46153846154,0.0,755.0
2020-11-12,5751940.0,9387,883.0,40.0,50292.0,0.0,756.0
2020-11-13,5750782.0,9187,934.0,40.0,51598.0,0.0,757.0
2020-11-14,5749726.0,9093,1019.0,43.07692307692308,52654.92307692308,0.0,762.0
2020-11-15,5748720.0,9107,1092.0,43.07692307692308,53570.92307692308,0.0,765.0
2020-11-16,5747457.0,9142,1145.0,41.53846153846154,54743.46153846154,0.0,769.0
2020-11-17,5746119.0,9557,1178.0,41.53846153846154,55630.46153846154,0.0,772.0
2020-11-18,5744769.0,10137,1277.0,40.0,56298.0,0.0,777.0
2020-11-19,5743533.0,10424,1321.0,38.46153846153847,57201.53846153846,0.0,780.0
2020-11-20,5742277.0,10580,1347.0,38.46153846153847,58271.53846153846,0.0,784.0
2020-11-21,5741268.0,10730,1323.0,38.46153846153847,59149.53846153846,0.0,789.0
2020-11-22,5740254.0,10672,1350.0,40.0,60187.0,0.0,795.0
2020-11-23,5739058.0,10528,1347.0,40.0,61527.0,0.0,798.0
2020-11-24,5737719.0,10668,1336.0,40.0,62731.0,0.0,804.0
2020-11-25,5736399.0,11001,1393.0,41.53846153846154,63651.46153846154,0.0,812.0
2020-11-26,5735124.0,11058,1409.0,43.07692307692308,64847.92307692308,0.0,816.0
2020-11-27,5733803.0,10995,1352.0,43.07692307692308,66280.92307692308,0.0,824.0
2020-11-28,5732643.0,10966,1326.0,43.07692307692308,67489.92307692308,0.0,830.0
2020-11-29,5731466.0,10890,1324.0,41.53846153846154,68735.46153846153,0.0,841.0
2020-11-30,5729913.0,10811,1341.0,36.92307692307693,70348.07692307692,0.0,848.0
2020-12-01,5728189.0,11355,1289.0,33.84615384615385,71573.15384615384,0.0,858.0
2020-12-02,5726299.0,12065,1303.0,36.92307692307693,72730.07692307692,0.0,864.0
2020-12-03,5724375.0,12759,1270.0,38.46153846153847,73980.53846153847,0.0,875.0
2020-12-04,5722341.0,13344,1188.0,40.0,75503.0,0.0,882.0
2020-12-05,5720619.0,14058,1183.0,40.0,76506.0,0.0,892.0
2020-12-06,5718634.0,14505,1173.0,41.53846153846154,78043.46153846153,0.0,901.0
2020-12-07,5715870.0,15169,1165.0,41.53846153846154,80145.46153846153,0.0,907.0
2020-12-08,5712733.0,16773,1122.0,38.46153846153847,81717.53846153847,0.0,914.0
2020-12-09,5709534.0,18733,1106.0,38.46153846153847,82962.53846153847,0.0,924.0
2020-12-10,5706232.0,20379,1087.0,44.61538461538462,84624.38461538461,0.0,931.0
2020-12-11,5702918.0,21957,1035.0,52.307692307692314,86397.69230769231,0.0,938.0
2020-12-12,5699821.0,23381,1018.0,58.46153846153847,88073.53846153847,0.0,946.0
2020-12-13,5696649.0,24554,989.0,61.53846153846154,90087.46153846153,0.0,957.0
2020-12-14,5692644.0,25692,929.0,67.6923076923077,92997.30769230769,0.0,968.0
2020-12-15,5688330.0,27975,892.0,69.23076923076924,95047.76923076923,0.0,984.0
2020-12-16,5683923.0,30304,904.0,72.3076923076923,97096.69230769231,0.0,998.0
2020-12-17,5680289.0,31947,902.0,78.46153846153847,99068.53846153847,0.0,1013.0
2020-12-18,5677140.0,32444,845.0,83.07692307692308,101761.92307692308,0.0,1024.0
2020-12-19,5674375.0,32394,837.0,86.15384615384616,104561.84615384616,0.0,1044.0
2020-12-20,5671912.0,31857,812.0,86.15384615384616,107567.84615384616,0.0,1063.0
2020-12-21,5668798.0,31006,724.0,83.07692307692308,111604.92307692308,0.0,1082.0
2020-12-22,5665909.0,31023,625.0,86.15384615384616,114551.84615384616,0.0,1103.0
2020-12-23,5662814.0,30740,546.0,95.38461538461539,117980.61538461539,0.0,1122.0
2020-12-24,5661327.0,29830,466.0,96.92307692307693,120434.07692307692,0.0,1144.0
2020-12-25,5659719.0,27003,341.0,96.92307692307693,124973.07692307692,0.0,1165.0
2020-12-26,5657022.0,24204,236.0,100.0,130545.0,0.0,1191.0
2020-12-27,5654826.0,23267,170.0,106.15384615384616,133708.84615384616,0.0,1220.0
2020-12-28,5651733.0,22314,81.0,118.46153846153847,137806.53846153847,0.0,1245.0
2020-12-29,5649233.0,22642,0.0,130.76923076923077,140015.23076923078,0.0,1277.0
2020-12-30,5646446.0,22679,0.0,129.23076923076923,142738.76923076922,0.0,1305.0
2020-12-31,5645209.0,22352,0.0,127.6923076923077,144271.3076923077,0.0,1338.0
2021-01-01,5643995.0,20700,0.0,133.84615384615384,147110.15384615384,0.0,1359.0
2021-01-02,5641932.0,18819,0.0,135.3846153846154,151019.61538461538,0.0,1392.0
2021-01-03,5640250.0,19395,0.0,138.46153846153848,152094.53846153847,0.0,1420.0
2021-01-04,5637766.0,19469,0.0,138.46153846153848,154477.53846153847,0.0,1447.0
2021-01-05,5635828.0,19256,0.0,133.84615384615384,156612.15384615384,0.0,1468.0
2021-01-06,5634161.0,18998,0.0,133.84615384615384,158501.15384615384,0.0,1504.0
2021-01-07,5632568.0,17572,0.0,133.84615384615384,161491.15384615384,0.0,1533.0
2021-01-08,5631130.0,16665,0.0,130.76923076923077,163813.23076923078,0.0,1559.0
2021-01-09,5629924.0,15316,0.0,136.92307692307693,166339.07692307694,0.0,1582.0
2021-01-10,5628925.0,15285,0.0,136.92307692307693,167333.07692307694,0.0,1618.0
2021-01-11,5627561.0,15070,0.0,135.3846153846154,168888.61538461538,0.0,1643.0
2021-01-12,5626297.0,14371,0.0,130.76923076923077,170818.23076923078,0.0,1681.0
2021-01-13,5625173.0,13953,0.0,127.6923076923077,172333.3076923077,0.0,1711.0
2021-01-14,5624157.0,12593,0.0,129.23076923076923,174678.76923076922,0.0,1740.0
2021-01-15,5623299.0,11671,0.0,132.30769230769232,176429.6923076923,0.0,1766.0
2021-01-16,5622574.0,10862,0.0,130.76923076923077,177934.23076923078,0.0,1797.0
2021-01-17,5621896.0,9994,0.0,130.76923076923077,179451.23076923078,0.0,1826.0
2021-01-18,5620960.0,9234,0.0,130.76923076923077,181118.23076923078,0.0,1855.0
2021-01-19,5620040.0,8964,0.0,130.76923076923077,182269.23076923078,0.0,1894.0
2021-01-20,5619260.0,8885,0.0,132.30769230769232,183097.6923076923,0.0,1923.0
2021-01-21,5618396.0,8301,0.0,126.15384615384616,184524.84615384616,0.0,1950.0
